{"stats":{"minecraft:mined":{"minecraft:spruce_stairs":2,"minecraft:purple_bed":1,"minecraft:sweet_berry_bush":1,"minecraft:spruce_log":5,"minecraft:dark_oak_log":3,"minecraft:torch":1,"minecraft:grass":1,"minecraft:grass_block":2,"minecraft:spruce_fence":1,"minecraft:dirt":3,"minecraft:cobblestone":3,"minecraft:wall_torch":1},"minecraft:killed":{"minecraft:zombie":16,"hordes:zombie_player":2,"minecraft:zombie_villager":1},"minecraft:crafted":{"minecraft:crafting_table":1,"minecraft:stick":4,"minecraft:spruce_planks":12,"minecraft:wooden_pickaxe":1,"minecraft:stone_axe":1},"minecraft:dropped":{"projectvibrantjourneys:bark_mushroom":2},"minecraft:used":{"minecraft:bread":6,"minecraft:spruce_planks":1,"minecraft:wooden_pickaxe":4,"minecraft:stone_axe":24,"minecraft:torch":1,"minecraft:dirt":3,"minecraft:sweet_berries":2,"minecraft:purple_bed":1,"minecraft:crafting_table":1,"minecraft:spruce_stairs":2,"minecraft:spruce_fence":1},"minecraft:picked_up":{"minecraft:dark_oak_sapling":6,"minecraft:stick":1,"marbledsarsenal:police_baton":1,"minecraft:sweet_berries":4,"projectvibrantjourneys:bark_mushroom":2,"minecraft:torch":1,"minecraft:spruce_stairs":2,"minecraft:spruce_fence":1,"pointblank:gunmetal_nugget":36,"marbledsarsenal:cm6m_gas_mask":1,"minecraft:spruce_log":5,"minecraft:gunpowder":7,"alexsmobs:animal_dictionary":1,"minecraft:string":4,"minecraft:dark_oak_log":5,"minecraft:spider_eye":2,"minecraft:spruce_door":2,"minecraft:dirt":7,"minecraft:leather_boots":1,"pointblank:m1911a1":1,"minecraft:bone":6,"minecraft:purple_bed":1,"minecraft:rotten_flesh":31,"minecraft:wheat_seeds":1,"minecraft:bread":13,"minecraft:cobblestone":3},"minecraft:custom":{"minecraft:time_since_rest":6401,"minecraft:sprint_one_cm":26891,"minecraft:damage_taken":1148,"minecraft:walk_one_cm":36222,"minecraft:mob_kills":19,"minecraft:drop":2,"minecraft:damage_dealt":1984,"minecraft:interact_with_crafting_table":3,"minecraft:swim_one_cm":9608,"minecraft:fly_one_cm":32951,"minecraft:open_chest":6,"minecraft:crouch_one_cm":3206,"minecraft:play_time":32828,"minecraft:deaths":3,"minecraft:sneak_time":1826,"minecraft:walk_under_water_one_cm":928,"minecraft:jump":200,"minecraft:interact_with_grindstone":1,"minecraft:leave_game":1,"minecraft:walk_on_water_one_cm":2348,"minecraft:time_since_death":6373,"minecraft:climb_one_cm":2176,"minecraft:total_world_time":32828,"minecraft:fall_one_cm":4062},"minecraft:killed_by":{"minecraft:zombie":3}},"DataVersion":3465}