{"stats":{"minecraft:mined":{"minecraft:purple_bed":1,"minecraft:grass_block":2,"minecraft:sweet_berry_bush":1,"minecraft:dark_oak_log":2},"minecraft:killed":{"minecraft:zombie":5},"minecraft:dropped":{"projectvibrantjourneys:bark_mushroom":1},"minecraft:used":{"minecraft:purple_bed":1,"minecraft:sweet_berries":2,"minecraft:bread":3},"minecraft:picked_up":{"minecraft:dark_oak_sapling":3,"minecraft:bone":2,"minecraft:purple_bed":1,"minecraft:rotten_flesh":9,"minecraft:sweet_berries":3,"projectvibrantjourneys:bark_mushroom":1,"pointblank:gunmetal_nugget":10,"minecraft:gunpowder":2,"minecraft:spruce_door":1,"minecraft:dark_oak_log":2,"minecraft:spider_eye":1,"minecraft:dirt":2,"minecraft:string":1},"minecraft:custom":{"minecraft:open_chest":6,"minecraft:time_since_rest":19802,"minecraft:crouch_one_cm":1111,"minecraft:play_time":19802,"minecraft:sprint_one_cm":21064,"minecraft:damage_taken":126,"minecraft:walk_one_cm":21907,"minecraft:sneak_time":248,"minecraft:walk_under_water_one_cm":928,"minecraft:mob_kills":5,"minecraft:drop":1,"minecraft:jump":130,"minecraft:interact_with_grindstone":1,"minecraft:time_since_death":19802,"minecraft:walk_on_water_one_cm":1874,"minecraft:total_world_time":19802,"minecraft:climb_one_cm":1801,"minecraft:swim_one_cm":9608,"minecraft:fly_one_cm":28574,"minecraft:fall_one_cm":3168}},"DataVersion":3465}