{"stats":{"minecraft:mined":{"projectvibrantjourneys:spruce_hollow_log":1,"minecraft:spruce_log":1,"projectvibrantjourneys:bones":1,"projectvibrantjourneys:fallen_leaves":1},"minecraft:killed":{"minecraft:zombie":1,"minecraft:villager":1},"minecraft:crafted":{"minecraft:crafting_table":1,"minecraft:spruce_planks":6,"minecraft:stick":4},"minecraft:dropped":{"projectvibrantjourneys:fallen_leaves":1},"minecraft:used":{"projectvibrantjourneys:bark_mushroom":2},"minecraft:picked_up":{"minecraft:stick":2,"minecraft:bone":1,"projectvibrantjourneys:fallen_leaves":1,"projectvibrantjourneys:bark_mushroom":2,"minecraft:spruce_log":1,"projectvibrantjourneys:spruce_hollow_log":1},"minecraft:custom":{"minecraft:time_since_rest":2717,"minecraft:crouch_one_cm":78,"minecraft:play_time":2717,"minecraft:sprint_one_cm":14315,"minecraft:damage_taken":20,"minecraft:walk_one_cm":7676,"minecraft:sneak_time":31,"minecraft:walk_under_water_one_cm":172,"minecraft:mob_kills":2,"minecraft:drop":1,"minecraft:damage_dealt_resisted":60,"minecraft:jump":95,"minecraft:leave_game":1,"minecraft:time_since_death":2717,"minecraft:walk_on_water_one_cm":1821,"minecraft:total_world_time":2717,"minecraft:climb_one_cm":165,"minecraft:talked_to_villager":1,"minecraft:swim_one_cm":7566,"minecraft:fall_one_cm":4131,"minecraft:fly_one_cm":22686}},"DataVersion":3465}